<?xml version="1.0" encoding="utf-8"?>
<ApplicationInstallerManifest>
   <DefaultInstallationDirectory>/Applications/National_University_of_Singapore/TransCompp4/</DefaultInstallationDirectory>
   <ApplicationName>TransCompp4</ApplicationName>
   <ExecutableName>application/TransCompp4.exe</ExecutableName>
   <GUID>24347648-563d-4cdb-a1f1-d489b8208275</GUID>
   <ApplicationIcon>icon_48.png</ApplicationIcon>
   <Logo>default_logo.png</Logo>
   <Version>1.0</Version>
   <InstallationNotes>In the following directions, replace MR/v94 by the directory on the target machine where MATLAB is installed, or MR by the directory where the MATLAB Runtime is installed.

If the environment variable DYLD_LIBRARY_PATH is undefined, set it to the following string:

MR/v94/runtime/maci64:MR/v94/sys/os/maci64:MR/v94/bin/maci64

If it is defined, set it to the following:

${DYLD_LIBRARY_PATH}:MR/v94/runtime/maci64:MR/v94/sys/os/maci64:MR/v94/bin/maci64
</InstallationNotes>
   <AuthorOrganization>National University of Singapore</AuthorOrganization>
   <WelcomePanelText>TransCompp4 1.0
N. Suhas Jagannathan
suhas@duke-nus.edu.sg</WelcomePanelText>
   <MCRProducts>
      <MCRProduct>
         <ExternalProductIdentifier>35000</ExternalProductIdentifier>
      </MCRProduct>
      <MCRProduct>
         <ExternalProductIdentifier>35010</ExternalProductIdentifier>
      </MCRProduct>
   </MCRProducts>
</ApplicationInstallerManifest>